s腹,ga跋q旄m,ga簿锣笨nキよそへ,ㄏノだ跋┪sw
RPRPMLMLNHMFFCA97CB,wqTpq,19.43,常カG坝
RPRPMLMLNHMFFCA97CB,wqTpq,2.23,常カG
RPSPMLMLNHMFFCA08CB,wqTpq,23.33,常カG坝
RPSPMLMLNHMFFCA08CB,wqTpq,2.67,常カG
RPTPMLMLNHMFFCA18CB,wqTpq,23.33,常カG坝
RPTPMLMLNHMFFCA18CB,wqTpq,2.67,常カG
RPUPMLMLNHMFFCA28CB,wqTpq,23.33,常カG坝
RPUPMLMLNHMFFCA28CB,wqTpq,2.67,常カG
RPVPMLMLNHMFFCA38CB,wqTpq,23.33,常カG坝
RPVPMLMLNHMFFCA38CB,wqTpq,2.67,常カG
RPXPMLMLNHMFFCA58CB,wqTpq,23.33,常カG坝
RPXPMLMLNHMFFCA58CB,wqTpq,2.67,常カG
RPOQMLMLNHMFFCA77CB,wqTpq,23.33,常カG坝
RPOQMLMLNHMFFCA77CB,wqTpq,2.67,常カG
RPPQMLMLNHMFFCA87CB,wqTpq,23.33,常カG坝
RPPQMLMLNHMFFCA87CB,wqTpq,2.67,常カG
RPRQMLMLNHMFFCA08CB,wqTpq,23.33,常カG坝
RPRQMLMLNHMFFCA08CB,wqTpq,2.67,常カG
RPSQMLMLNHMFFCA18CB,wqTpq,22.59,常カG坝
RPSQMLMLNHMFFCA18CB,wqTpq,2.59,常カG
RPTQMLMLNHMFFCA28CB,wqTpq,19.43,常カG坝
RPTQMLMLNHMFFCA28CB,wqTpq,2.23,常カG
RPUQMLMLNHMFFCA38CB,wqTpq,19.43,常カG坝
RPUQMLMLNHMFFCA38CB,wqTpq,2.23,常カG
RPVQMLMLNHMFFCA48CB,wqTpq,19.43,常カG坝
RPVQMLMLNHMFFCA48CB,wqTpq,2.23,常カG
RPWQMLMLNHMFFCA58CB,wqTpq,19.43,常カG坝
RPWQMLMLNHMFFCA58CB,wqTpq,2.23,常カG
