鄉鎮市區,租賃標的,土地區段位置或建物區門牌,租賃總面積平方公尺,都市土地使用分區,非都市土地使用分區,非都市土地使用編定,租賃年月日,租賃筆棟數,租賃層次,總樓層數,建物型態,主要用途,主要建材,建築完成年月,租賃總面積平方公尺,建物現況格局-房,建物現況格局-廳,建物現況格局-衛,建物現況格局-隔間,有無管理組織,有無附傢俱,總額元,單價每平方公尺,車位類別,租賃總面積平方公尺,租金總額元,備註,編號
南屯區,房地(土地+建物),臺中市南屯區龍富路四段451~480號,1280.62,商,,,1051101,土地2建物1車位0,見其他登記事項,2,其他,見其他登記事項,見其他登記事項,1051013,895.08,0,0,0,無,無,無,170000,190,,0.0,0,,RPRSMLTJKILFFCB68CC
西屯區,房地(土地+建物),臺中市西屯區天水西一街1~30號,70.0,住,,,1051024,土地1建物1車位0,全,4,透天厝,見其他登記事項,鋼筋混凝土造,0860415,225.02,6,2,5,有,無,有,26000,116,,0.0,0,,RPPQMLMKKILFFCB67CC
西區,房地(土地+建物),臺中市西區忠明路20巷1~30號,100.0,住,,,1051015,土地1建物1車位0,見其他登記事項,3,店面(店鋪),住商用,鋼筋混凝土造,0650309,200.22,2,3,3,有,無,無,40000,200,,0.0,0,,RPRPMLMKKILFFAB57CC
,房地(土地+建物),臺中市潭子區中山路三段481~510號,317.67,工,,,1051118,土地2建物1車位0,見其他登記事項,,工廠,,,,556.53,0,0,0,無,無,無,100000,,,0.0,0,"只承租本建物地下室及1,2樓面積約556.53平方公尺(約168.35坪)",RPTOMLMKKILFFFL56CC
,房地(土地+建物),臺中市太平區永平路三段9巷31~60號,238.43,工,,,1051114,土地1建物1車位0,見其他登記事項,,工廠,,,,359.4,0,0,0,無,無,無,30000,,,0.0,0,,RPPNMLNKKILFFHL98CC
,房地(土地+建物),臺中市太平區新平路95巷58弄61~90號,131.0,住,,,1051123,土地2建物1車位0,全,,透天厝,,,,246.07,3,2,4,有,無,無,22000,89,,0.0,0,,RPRNMLOKKILFFHL66CC
西區,房地(土地+建物),臺中市西區健行路991~1020號,75.0,商,,,1051212,土地1建物1車位0,全,2,透天厝,住家用,見其他登記事項,,110.45,0,0,0,無,無,無,58000,525,,0.0,0,58000元含稅第四年至第六年租金調3%,RPPOMLOKKILFFAB57DC
西屯區,房地(土地+建物),臺中市西屯區甘肅路一段1~30號,75.0,住,,,1051121,土地1建物1車位0,見其他登記事項,4,公寓(5樓含以下無電梯),住商用,鋼筋混凝土造,0660819,234.92,0,0,0,無,無,無,33000,140,,0.0,0,,RPXNMLPKKILFFCB58DC
,房地(土地+建物),臺中市大里區仁化路1081~1110號,79.96,住,,,1051210,土地1建物1車位0,見其他登記事項,,店面(店鋪),,,,175.12,4,3,3,有,無,無,19000,108,,0.0,0,,RPSNMLPKKILFFGL76CC
西區,房地(土地+建物),臺中市西區精誠22街1~30號,109.0,住,,,1051212,土地1建物1車位0,全,2,透天厝,住家用,加強磚造,0750514,144.02,4,2,3,有,無,無,33000,229,,0.0,0,,RPPNMLPKKILFFAB47CC
,房地(土地+建物),臺中市大里區國光路二段571~600號,61.52,住,,,1051209,土地1建物1車位0,見其他登記事項,,店面(店鋪),,,,282.55,5,1,4,有,無,無,31000,110,,0.0,0,前四年租金31000元，第五年起租金32000元。,RPOOMLQKKILFFGL56CC
,房地(土地+建物),臺中市大里區國光路二段571~600號,61.54,住,,,1051209,土地1建物1車位0,見其他登記事項,,店面(店鋪),,,,282.54,5,1,4,有,無,無,31000,110,,0.0,0,前四年租金31000元，第五年起租金32000元。,RPTOMLQKKILFFGL07CC
,房地(土地+建物),臺中市豐原區育仁路91~120號,125.65,住,,,1051202,土地1建物1車位0,見其他登記事項,,店面(店鋪),,,,415.34,4,3,4,有,無,無,55000,132,,0.0,0,,RPSNMLRKKILFFAL98CC
西屯區,房地(土地+建物),臺中市西屯區福中二街10巷1~30號,99.0,住,,,1051130,土地1建物1車位0,全,3,透天厝,住商用,鋼筋混凝土造,0780721,282.09,4,2,5,有,無,無,30000,106,,0.0,0,租金含稅金及二代健保,RPUQMLRKKILFFCB78DC
北屯區,房地(土地+建物),臺中市北屯區東山路二段61~90號,217.97,其他,,,1051124,土地2建物1車位0,全,2,透天厝,住商用,鋼筋混凝土造,0830823,321.57,8,4,7,有,無,無,40000,124,,0.0,0,,RPVOMLTKKILFFBB78DC
,建物,臺中市大里區立仁路227巷1~30號,220.59,,鄉村區,乙種建築用地,1051209,土地0建物1車位0,見其他登記事項,,廠辦,,,,117.75,4,2,3,有,無,無,23000,195,,0.0,0,,RPRPMLTKKILFFGL27CC
北屯區,房地(土地+建物),臺中市北屯區松竹路二段451~480號,10.61,住,,,1051209,土地1建物1車位0,見其他登記事項,12,住宅大樓(11層含以上有電梯),住商用,鋼筋混凝土造,0811023,112.31,2,2,1,有,有,無,17000,151,,0.0,0,此租賃標的為樓店,RPQPMLTKKILFFBB28CC
西屯區,建物,臺中市西屯區河南路二段361~390號,0.0,住,,,1051128,土地0建物0車位0,全,4,透天厝,住商用,鋼筋混凝土造,0771110,210.89,13,0,13,有,無,無,26000,123,,0.0,0,承租部分面積,RPPPMLTKKILFFCB28CC
,房地(土地+建物),臺中市潭子區雅豐街308巷1~30號,73.34,住,,,1051204,土地1建物1車位0,全,,透天厝,,,,189.81,4,3,2,有,無,無,18000,95,,0.0,0,,RPVNMLKLKILFFFL56CC
南屯區,房地(土地+建物),臺中市南屯區五權西路二段211~240號,1373.0,住,,,1050929,土地3建物1車位0,見其他登記事項,1,店面(店鋪),住商用,鋼造,0780111,351.5,0,0,0,無,無,無,250000,711,,0.0,0,,RPXNMLLLKILFFCB18CC
北區,建物,臺中市北區錦新街1~30號,0.0,住,,,1051205,土地0建物1車位0,見其他登記事項,5,店面(店鋪),見其他登記事項,鋼筋混凝土造,0940520,133.10999999999999,0,2,1,有,無,無,42000,316,,0.0,0,,RPOOMLLLKILFFBB27CC
,房地(土地+建物),臺中市龍井區中央路一段238巷1~30號,98.0,住,,,1051215,土地2建物1車位0,全,,透天厝,,,,217.5,6,2,3,有,無,無,25000,115,,0.0,0,,RPRNMLNLKILFFIL86DC
北屯區,建物,臺中市北屯區崇德路三段121~150號,0.0,住,,,1051130,土地0建物1車位1,見其他登記事項,21,店面(店鋪),見其他登記事項,鋼筋混凝土造,1050427,203.92000000000002,0,2,1,有,有,無,82000,402,坡道平面,28.13,0,,RPROMLQLKILFFBB08CC
南屯區,房地(土地+建物),臺中市南屯區干城街196巷31~60號,52.0,住,,,1051209,土地1建物1車位0,全,2,透天厝,住家用,加強磚造,0640806,61.6,3,2,2,有,無,有,22500,365,,0.0,0,,RPTOMLRLKILFFCB48CC
北屯區,房地(土地+建物)+車位,臺中市北屯區北屯路271~300號,99.61,住,,,1051219,土地4建物1車位0,全,4,透天厝,住家用,鋼筋混凝土造,0880415,298.17,6,2,4,有,有,有,25000,84,其他,0.0,0,,RPVQMLTLKILFFBB98CC
西區,房地(土地+建物),臺中市西區五權路2之211~240號,80.0,商,,,1051215,土地1建物1車位0,全,4,透天厝,商業用,見其他登記事項,0631129,287.04,1,4,3,有,無,無,23000,80,,0.0,0,,RPPPMLTLKILFFAB28DC
西屯區,房地(土地+建物)+車位,臺中市西屯區朝馬七街1~30號,19.77,住,,,1051212,土地1建物1車位1,全,4,透天厝,見其他登記事項,鋼筋混凝土造,0840414,77.46,4,2,3,有,無,無,33000,426,其他,0.0,0,,RPXOMLNJJHMFFCB28DC
南屯區,房地(土地+建物),臺中市南屯區文心路一段511~540號,84.0,住,,,1051215,土地1建物1車位0,全,4,透天厝,見其他登記事項,鋼筋混凝土造,0761110,260.38,6,2,3,有,無,無,47679,183,,0.0,0,承租人於給付時扣取稅款與健保補充保費.,RPOPMLPJJHMFFCB67DC
南屯區,房地(土地+建物),臺中市南屯區公益路二段391~420號,1863.9,住,,,1051130,土地1建物1車位0,見其他登記事項,3,其他,見其他登記事項,鋼筋混凝土造,0880601,2096.8,0,0,0,無,無,有,650000,310,,0.0,0,"前三年每月租金新台幣65萬元(含稅),第四年至第五年一月止,每月租金新台幣70萬元(含稅),汽車旅館",RPQOMLPJJHMFFCB67CC
南屯區,房地(土地+建物),臺中市南屯區永春東路1351~1380號,68.0,住,,,1051229,土地1建物1車位0,全,4,透天厝,見其他登記事項,鋼筋混凝土造,0851218,155.53,4,3,3,有,無,有,30000,193,,0.0,0,,RPTNMLQJJHMFFCB97CC
西屯區,房地(土地+建物),臺中市西屯區杏林路83巷1~30號,75.0,住,,,1060101,土地1建物1車位0,全,2,透天厝,住家用,加強磚造,0610501,99.14,2,2,2,有,無,有,18000,182,,0.0,0,,RPQOMLTJJHMFFCB08CC
南屯區,房地(土地+建物),臺中市南屯區大墩路241~270號,81.0,住,,,1060104,土地1建物1車位0,全,4,透天厝,住商用,鋼筋混凝土造,0730216,175.04,4,2,4,有,無,有,45000,257,,0.0,0,,RPVPMLTJJHMFFCB68CC
北區,建物,臺中市北區崇德路一段571~600號,0.0,住,,,1051219,土地0建物1車位0,見其他登記事項,5,店面(店鋪),住商用,鋼筋混凝土造,0740625,353.17,4,4,5,有,無,無,56000,159,,0.0,0,,RPWOMLTJJHMFFBB58CC
西區,房地(土地+建物),臺中市西區忠明南路31~60號,213.0,住,,,1051227,土地4建物1車位0,全,1,透天厝,商業用,鋼造,0780601,138.24,0,0,0,無,無,有,63000,456,,0.0,0,,RPPOMLTJJHMFFAB87DC
西區,房地(土地+建物),臺中市西區大墩十一街91~120號,47.63,住,,,1051231,土地1建物1車位0,見其他登記事項,2,公寓(5樓含以下無電梯),住商用,鋼筋混凝土造,0820914,303.83,0,0,0,無,無,無,55000,181,,0.0,0,,RPOOMLLKJHMFFAB96CC
南屯區,房地(土地+建物),臺中市南屯區精科南路1~30號,5254.77,工,,,1051215,土地1建物2車位0,見其他登記事項,4,工廠,見其他登記事項,鋼筋混凝土造,1050719,12612.7,0,0,0,無,無,無,2050000,,,0.0,0,,RPPNMLLKJHMFFCB17CC
西屯區,房地(土地+建物),臺中市西屯區西屯路二段61~90號,91.0,住,,,1051223,土地1建物1車位0,全,4,透天厝,住商用,鋼筋混凝土造,0670228,278.4,5,2,4,有,無,無,36720,132,,0.0,0,,RPVNMLMKJHMFFCB87CC
南區,建物,臺中市南區德富路91~120號,42.53,住,,,1060107,土地0建物1車位0,見其他登記事項,9,店面(店鋪),住商用,鋼筋混凝土造,0871219,256.92,0,0,0,無,有,無,40000,156,,0.0,0,,RPTPMLMKJHMFFAB67CC
北區,建物,臺中市北區中清路一段451~480號,72.0,商,,,1051219,土地0建物1車位0,全,3,透天厝,住家用,鋼筋混凝土加強磚造,0561116,192.64,2,2,2,有,無,無,18000,93,,0.0,0,,RPVOMLQKJHMFFBB28CC
北屯區,建物,臺中市北屯區梅川西路四段271~300號,0.0,住,,,1051229,土地0建物3車位3,見其他登記事項,19,店面(店鋪),住商用,鋼筋混凝土造,0830906,446.9,1,4,3,有,有,無,70000,157,坡道平面,0.0,0,承租三個門牌，106/1/1-106/3/31裝修期，不收租金，車位面積無法分算,RPSPMLQKJHMFFBB08CC
西區,房地(土地+建物),臺中市西區向上路一段79巷1~30號,80.0,住,,,1051222,土地1建物1車位0,全,4,透天厝,住商用,鋼筋混凝土造,0691020,246.45,3,3,2,有,無,無,38000,154,,0.0,0,,RPTPMLRKJHMFFAB18CC
,房地(土地+建物),臺中市太平區宜昌路31~60號,95.87,住,,,1060116,土地1建物1車位0,全,,透天厝,,,,163.05,4,2,3,有,無,無,13000,80,,0.0,0,,RPQQMLSKJHMFFHL17CC
北區,建物,臺中市北區太平路1~30號,0.0,住,,,1060103,土地0建物0車位0,全,3,透天厝,住家用,鋼筋混凝土加強磚造,0570628,131.2,3,1,2,有,無,無,50000,381,,0.0,0,透天厝分租，106/2/5-106/3/4裝潢期不收取租金,RPQUMLKLJHMFFBB87CC
西屯區,房地(土地+建物),臺中市西屯區忠義街121~150號,74.51,住,,,1060117,土地1建物1車位0,見其他登記事項,2,店面(店鋪),住商用,鋼筋混凝土造,0831220,407.6,0,0,0,無,有,無,40000,98,,0.0,0,標的物一、二層,RPQOMLNLJHMFFCB67CC
,房地(土地+建物),臺中市太平區中山路二段100巷51弄1~30號,83.94,,鄉村區,乙種建築用地,1060105,土地1建物1車位0,全,,透天厝,,,,128.35,3,2,2,有,無,無,10000,78,,0.0,0,,RPTNMLNLJHMFFHL76CC
,房地(土地+建物),臺中市潭子區頭張路二段89巷31~60號,119.07,住,,,1051226,土地1建物1車位0,全,,透天厝,,,,153.96,0,0,0,無,無,無,22000,143,,0.0,0,,RPQNMLNLJHMFFFL98DC
南屯區,房地(土地+建物),臺中市南屯區工業18路1~30號,1980.0,工,,,1060123,土地2建物1車位0,見其他登記事項,1,其他,工業用,加強磚造,0711022,904.19,0,0,0,無,無,無,270000,299,,0.0,0,,RPQPMLOLJHMFFCB87CC
南屯區,房地(土地+建物),臺中市南屯區東興路二段331~360號,88.0,住,,,1060106,土地1建物1車位0,全,4,透天厝,住商用,鋼筋混凝土造,0751223,288.7,5,3,7,有,無,有,52000,180,,0.0,0,,RPORMLNJKHMFFCB67CC
西區,建物,臺中市西區貴和街1~30號,0.0,住,,,1060125,土地0建物1車位0,全,3,透天厝,住家用,見其他登記事項,0600918,178.88,4,3,3,有,無,無,18000,101,,0.0,0,,RPOPMLQJKHMFFAB57CC
,房地(土地+建物),臺中市太平區新福路91~120號,91.21,住,,,1060118,土地1建物1車位0,全,,透天厝,,,,97.2,4,3,3,有,無,有,7000,72,,0.0,0,只承租牆面吊掛帆布廣告,RPQNMLQJKHMFFHL66CC
西區,建物,臺中市西區三民西路61~90號,0.0,商,,,1060120,土地0建物2車位2,見其他登記事項,15,店面(店鋪),見其他登記事項,鋼筋混凝土造,1041214,319.22,0,2,3,有,有,無,79464,249,坡道平面,46.66,0,承租兩個門牌,RPPNMLRJKHMFFAB57CC
,房地(土地+建物),臺中市大里區國光路一段31~60號,90.21,工,,,1060125,土地1建物1車位0,全,,透天厝,,,,301.02,0,0,0,無,無,無,32000,106,,0.0,0,,RPOOMLKKKHMFFGL68DC
,房地(土地+建物),臺中市太平區永成北路151~180號,36.45,住,,,1060129,土地1建物1車位0,全,,透天厝,,,,179.66,4,2,3,有,有,無,20000,111,,0.0,0,,RPQNMLNKKHMFFHL56DC
南屯區,房地(土地+建物),臺中市南屯區寶山五街1~30號,20.54,住,,,1060124,土地1建物1車位0,見其他登記事項,12,其他,住商用,鋼筋混凝土造,0831007,222.54,3,2,3,有,有,無,17000,76,,0.0,0,,RPWNMLQKKHMFFCB48CC
西區,建物,臺中市西區民權路361~390號,36.42,住,,,1060120,土地0建物1車位0,見其他登記事項,7,店面(店鋪),商業用,鋼筋混凝土造,0711201,147.09,0,0,0,無,無,無,32000,218,,0.0,0,租賃範圍不含車位，且無法區分車位面積。,RPSOMLRKKHMFFAB08CC
西區,房地(土地+建物),臺中市西區公益路211~240號,19.86,住,,,1060502,土地1建物1車位0,六層,14,住宅大樓(11層含以上有電梯),住家用,鋼筋混凝土造,0870918,201.89999999999998,3,2,2,有,有,有,25000,124,,0.0,0,起租日:106/05/20租金總額含稅。,RPVNMLQKNHMFFAB48CC
西區,房地(土地+建物),臺中市西區忠明南路121~150號,19.03,住,,,1060515,土地1建物1車位0,二十層,24,住宅大樓(11層含以上有電梯),住家用,鋼筋混凝土造,0871030,228.67000000000002,4,2,2,有,有,有,35000,153,,0.0,0,起租日:106/07/01租金總額含稅。,RPXNMLQKNHMFFAB68CC
西區,房地(土地+建物),臺中市西區忠明南路121~150號,17.56,住,,,1060429,土地1建物1車位0,十七層,24,住宅大樓(11層含以上有電梯),住家用,鋼筋混凝土造,0871030,211.0,3,2,2,有,有,有,38000,180,,0.0,0,起租日:106/05/10租金總額含稅。,RPPOMLQKNHMFFAB97CC
西區,房地(土地+建物),臺中市西區福人街1~30號,108.0,住,,,1060422,土地7建物1車位0,全,3,透天厝,住商用,鋼筋混凝土造,0700908,195.66,3,2,3,有,無,無,32000,164,,0.0,0,,RPPSMLQKNHMFFAB38CC
北屯區,房地(土地+建物),臺中市北屯區柳陽東街61~90號,81.0,商,,,1060501,土地1建物1車位0,全,3,透天厝,住商用,鋼筋混凝土造,0750606,175.12,0,0,0,無,無,無,22000,126,,0.0,0,,RPUNMLQKNHMFFBB48CC
西屯區,房地(土地+建物)+車位,臺中市西屯區臺灣大道三段61~90號,14.32,住,,,1060417,土地1建物1車位1,四層,22,住宅大樓(11層含以上有電梯),住家用,鋼筋混凝土造,0950816,210.68,4,3,2,有,有,有,35000,166,坡道平面,18.57,0,,RPORMLQKNHMFFCB38CC
西屯區,建物,臺中市西屯區寧漢街31~60號,0.0,住,,,1060425,土地0建物0車位0,一層,5,公寓(5樓含以下無電梯),住商用,鋼筋混凝土造,0740913,120.92,2,2,2,有,無,無,15000,124,,0.0,0,,RPVPMLRKNHMFFCB98CC
西屯區,建物,臺中市西屯區協和南巷1~30號,7629.72,工,,,1060501,土地0建物1車位0,一層,3,廠辦,見其他登記事項,見其他登記事項,0860307,1657.0,2,2,2,有,無,有,300000,181,,0.0,0,,RPTUMLRKNHMFFCB66CC
梧棲區,房地(土地+建物),臺中市梧棲區四維路91~120號,5.85,商,,,1060509,土地1建物1車位0,五層,7,華廈(10層含以下有電梯),住家用,鋼筋混凝土造,0811030,37.21,3,2,2,有,無,無,10000,269,,0.0,0,,RPOOMLRKNHMFFCL56CC
豐原區,房地(土地+建物)+車位,臺中市豐原區中山路211~240號,22.43,住,,,1060515,土地2建物1車位1,三層,11,住宅大樓(11層含以上有電梯),住家用,鋼筋混凝土造,0960322,249.69,5,3,3,有,有,無,13500,0,坡道平面,15.02,0,,RPWNMLSKNHMFFAL17CC
豐原區,房地(土地+建物),臺中市豐原區永康路91~120號,175.77,住,,,1060517,土地2建物1車位0,全,3,透天厝,見其他登記事項,鋼筋混凝土造,0900120,261.47,1,1,1,有,無,無,20000,76,,0.0,0,,RPXNMLSKNHMFFAL27CC
烏日區,房地(土地+建物),臺中市烏日區公園路721~750號,61.3,住,,,1060503,土地1建物1車位0,全,4,透天厝,見其他登記事項,鋼筋混凝土造,0850319,230.25,5,2,3,有,無,無,25000,109,,0.0,0,,RPOPMLSKNHMFFGL27DC
南屯區,房地(土地+建物),臺中市南屯區文心路一段271~300號,92.0,商,,,1060323,土地1建物1車位0,見其它登記事項,5,店面(店鋪),住商用,鋼筋混凝土造,0790423,310.08,0,0,0,無,無,無,50000,161,,0.0,0,,RPOOMLSKNHMFFCB28CC
西屯區,房地(土地+建物)+車位,臺中市西屯區市政北二路211~240號,20.84,其他,,,1060426,土地1建物1車位3,二十二層,36,辦公商業大樓,見其他登記事項,鋼骨鋼筋混凝土造,1030403,430.4,0,0,0,無,有,有,99000,230,坡道平面,57.83,0,,RPPOMLSKNHMFFCB38CC
北區,房地(土地+建物),臺中市北區進化北路301~330號,8.67,商,,,1060505,土地2建物1車位0,十層,18,住宅大樓(11層含以上有電梯),住家用,鋼筋混凝土造,0941208,91.00999999999999,0,0,0,無,有,有,18000,198,,0.0,0,,RPSPMLSKNHMFFBB68CC
西區,建物,臺中市西區大忠街61~90號,0.0,住,,,1060512,土地0建物1車位0,十四層,14,住宅大樓(11層含以上有電梯),見其他登記事項,鋼筋混凝土造,0990823,221.04000000000002,3,2,2,有,有,有,35000,158,,0.0,0,,RPUNMLSKNHMFFAB58CC
北屯區,房地(土地+建物),臺中市北屯區天津路三段151~180號,32.76,住,,,1060511,土地1建物1車位0,二層,7,華廈(10層含以下有電梯),商業用,鋼筋混凝土造,0791214,75.11,0,0,0,無,有,無,8000,107,,0.0,0,,RPSNMLTKNHMFFBB58CC
北屯區,房地(土地+建物),臺中市北屯區松竹路二段305巷1~30號,10.14,住,,,1060501,土地1建物1車位0,二層,8,華廈(10層含以下有電梯),住家用,鋼筋混凝土造,0821018,95.38,3,2,1,有,有,有,14000,147,,0.0,0,,RPTNMLTKNHMFFBB68CC
北屯區,房地(土地+建物),臺中市北屯區天津路三段151~180號,31.98,住,,,1060511,土地1建物1車位0,五層,7,華廈(10層含以下有電梯),住家用,鋼筋混凝土造,0791214,69.03,0,0,0,無,有,無,8000,116,,0.0,0,,RPUNMLTKNHMFFBB78CC
北屯區,房地(土地+建物),臺中市北屯區天津路三段151~180號,31.98,住,,,1060510,土地1建物1車位0,七層,7,華廈(10層含以下有電梯),住家用,鋼筋混凝土造,0791214,69.03,0,0,0,無,有,無,8000,116,,0.0,0,,RPWNMLTKNHMFFBB98CC
北區,車位,臺中市北區進化北路301~330號,0.25,商,,,1060510,土地0建物0車位1,,,其他,,,,15.94,0,0,0,有,有,無,1800,,坡道機械,15.94,1800,,RPSQMLTKNHMFFBB88CC
北區,車位,臺中市北區進化北路301~330號,0.25,商,,,1060505,土地0建物0車位1,,,其他,,,,15.94,0,0,0,有,有,無,2000,,坡道機械,15.94,0,,RPORMLTKNHMFFBB58CC
南屯區,建物,臺中市南屯區東興路二段61~90號,0.0,住,,,1060428,土地0建物1車位0,見其他登記事項,16,住宅大樓(11層含以上有電梯),住商用,鋼筋混凝土造,0830503,124.72,0,2,1,有,有,無,27000,216,,0.0,0,,RPTNMLTKNHMFFCB78CC
西屯區,車位,臺中市西屯區文心路三段1~30號,0.0,,,,1060430,土地0建物0車位1,,,其他,,,,37.8,0,0,0,有,有,無,2500,,坡道平面,37.8,2500,,RPRRMLTKNHMFFCB98CC
西屯區,房地(土地+建物),臺中市西屯區文心路三段1~30號,8.13,商,,,1060422,土地1建物1車位0,十層,26,住宅大樓(11層含以上有電梯),住家用,鋼筋混凝土造,0980813,86.53999999999999,2,1,1,有,有,有,20000,231,,0.0,0,,RPTRMLTKNHMFFCB56CC
西屯區,房地(土地+建物)+車位,臺中市西屯區市政路91~120號,18.67,商,,,1060504,土地1建物1車位2,二層,19,住宅大樓(11層含以上有電梯),見其他登記事項,鋼筋混凝土造,0970926,229.82,3,2,2,有,有,有,40000,174,坡道平面,30.95,0,,RPXRMLTKNHMFFCB96CC
西屯區,房地(土地+建物)+車位,臺中市西屯區福科路620巷1~30號,60.88,住,,,1060420,土地2建物1車位1,全,4,透天厝,見其他登記事項,鋼筋混凝土造,0920206,217.25,4,2,4,有,有,有,38000,175,坡道平面,0.0,0,,RPQOMLTKNHMFFCB68DC
南區,房地(土地+建物),臺中市南區工學北路61~90號,1.76,商,,,1060425,土地1建物1車位0,十一層,18,套房(1房1廳1衛),見其他登記事項,鋼筋混凝土造,0850506,29.2,1,0,1,有,有,有,5200,178,,0.0,0,,RPRNMLKLNHMFFAB57CC
南區,房地(土地+建物),臺中市南區工學北路61~90號,1.72,商,,,1060425,土地1建物1車位0,九層,18,套房(1房1廳1衛),見其他登記事項,鋼筋混凝土造,0850506,28.549999999999997,1,0,1,有,有,有,5800,203,,0.0,0,,RPSNMLKLNHMFFAB67CC
南區,房地(土地+建物),臺中市南區工學北路61~90號,3.84,商,,,1060428,土地1建物1車位0,九層,18,套房(1房1廳1衛),見其他登記事項,鋼筋混凝土造,0850506,63.96,1,0,1,有,有,有,7500,117,,0.0,0,,RPTNMLKLNHMFFAB77CC
南區,房地(土地+建物),臺中市南區工學北路61~90號,1.83,商,,,1060501,土地1建物1車位0,七層,18,套房(1房1廳1衛),見其他登記事項,鋼筋混凝土造,0850506,31.04,1,0,1,有,有,有,5500,177,,0.0,0,,RPVNMLKLNHMFFAB97CC
南區,房地(土地+建物),臺中市南區工學北路61~90號,1.83,商,,,1060511,土地1建物1車位0,八層,18,套房(1房1廳1衛),見其他登記事項,鋼筋混凝土造,0850506,30.47,1,0,1,有,有,有,5300,174,,0.0,0,,RPXNMLKLNHMFFAB18CC
西區,房地(土地+建物),臺中市西區英才路421~450號,6.09,住,,,1060427,土地1建物1車位0,十三層,13,套房(1房1廳1衛),見其他登記事項,鋼筋混凝土造,0990812,59.650000000000006,1,1,1,有,有,有,18500,310,,0.0,0,,RPSOMLMLNHMFFAB97CC
西區,房地(土地+建物),臺中市西區忠明南路91~120號,12.37,住,,,1060522,土地1建物1車位0,六層,15,住宅大樓(11層含以上有電梯),見其他登記事項,鋼筋混凝土造,0951222,121.92,2,1,1,有,有,有,34000,279,,0.0,0,,RPWOMLMLNHMFFAB38CC
北屯區,房地(土地+建物),臺中市北屯區安順東六街31~60號,8.27,住,,,1060504,土地1建物1車位0,五層,7,華廈(10層含以下有電梯),住家用,鋼筋混凝土造,0850827,59.510000000000005,1,1,1,有,有,有,9500,160,,0.0,0,,RPOPMLMLNHMFFBB77CC
南屯區,房地(土地+建物),臺中市南屯區五權西路二段691~720號,64.5,住,,,1060516,土地1建物1車位0,一層,3,店面(店鋪),住商用,鋼筋混凝土造,0691020,133.02,0,0,0,無,無,有,45000,338,,0.0,0,"租賃層次B1,1F,2F",RPWNMLMLNHMFFCB48CC
西屯區,土地,上石碑段2161~2190地號,582.0,住,,,1060510,土地1建物0車位0,,,其他,,,,0.0,0,0,0,有,無,無,98000,168,,0.0,0,,RPOOMLMLNHMFFCB77CC
西屯區,房地(土地+建物),臺中市西屯區臺灣大道三段61~90號,5.87,住,,,1060430,土地1建物1車位0,四層,22,住宅大樓(11層含以上有電梯),住家用,鋼筋混凝土造,0950816,84.61,2,2,1,有,有,有,19000,225,,0.0,0,,RPROMLMLNHMFFCB08CC
西屯區,房地(土地+建物),臺中市西屯區市政北一路241~270號,5.76,其他,,,1060430,土地1建物1車位0,十四層,28,住宅大樓(11層含以上有電梯),住家用,鋼筋混凝土造,0951113,79.09,2,2,1,有,有,有,22000,278,,0.0,0,,RPUOMLMLNHMFFCB38CC
南屯區,建物,臺中市南屯區東興路二段211~240號,11.15,住,,,1060511,土地0建物1車位0,一層,14,店面(店鋪),住商用,鋼筋混凝土造,0830817,53.27,0,1,1,有,有,無,19000,357,,0.0,0,,RPVOMLMLNHMFFCB48CC
北區,房地(土地+建物)+車位,臺中市北區興進路241~270號,8.67,住,,,1060521,土地2建物1車位1,十六層,28,住宅大樓(11層含以上有電梯),見其它登記事項,鋼筋混凝土造,1050717,194.35,3,2,2,有,有,有,30000,154,坡道平面,0.0,0,,RPTOMLMLNHMFFBB28DC
龍井區,房地(土地+建物)+車位,臺中市龍井區新庄仔巷31~60號,30.67,,鄉村區,乙種建築用地,1060509,土地1建物1車位1,一層,9,華廈(10層含以下有電梯),見其他登記事項,鋼筋混凝土造,1050628,135.98,3,2,2,有,無,有,20000,147,坡道機械,0.0,0,,RPQNMLMLNHMFFIL86CC
南屯區,房地(土地+建物)+車位,臺中市南屯區文心南三路391~420號,26.1,商,,,1060503,土地1建物1車位3,五層,25,住宅大樓(11層含以上有電梯),住家用,鋼筋混凝土造,1031020,367.75,4,2,3,有,有,有,65127,177,坡道平面,0.0,0,,RPXOMLNLNHMFFCB78CC
西屯區,房地(土地+建物)+車位,臺中市西屯區安和路151~180號,29.85,住,,,1060502,土地2建物1車位2,九層,11,辦公商業大樓,見其他登記事項,鋼筋混凝土造,1040320,181.73,0,0,0,無,有,無,44500,245,坡道平面,0.0,0,,RPXPMLNLNHMFFCB88CC
西屯區,房地(土地+建物)+車位,臺中市西屯區市政北一路61~90號,12.33,其他,,,1060503,土地1建物1車位1,八層,15,辦公商業大樓,見其他登記事項,鋼筋混凝土造,0850903,96.91,0,0,0,無,有,無,23000,237,坡道機械,0.0,0,,RPPQMLNLNHMFFCB18CC
西屯區,房地(土地+建物)+車位,臺中市西屯區市政路481~510號,17.14,其他,,,1060503,土地1建物1車位2,十四層,29,辦公商業大樓,見其他登記事項,鋼骨鋼筋混凝土造,1011219,299.4,0,0,0,無,有,無,70000,234,坡道機械,0.0,0,,RPRQMLNLNHMFFCB38CC
西屯區,房地(土地+建物),臺中市西屯區市政北一路61~90號,7.02,其他,,,1060503,土地1建物1車位0,十五層,15,辦公商業大樓,見其他登記事項,鋼筋混凝土造,0850903,93.25999999999999,0,0,0,無,有,無,23000,247,,0.0,0,,RPUQMLNLNHMFFCB68CC
西屯區,房地(土地+建物)+車位,臺中市西屯區市政路481~510號,13.29,其他,,,1060508,土地1建物1車位3,十三層,29,辦公商業大樓,見其他登記事項,鋼骨鋼筋混凝土造,1011219,214.32999999999998,0,0,0,無,有,無,54000,252,坡道機械,0.0,0,,RPORMLNLNHMFFCB18CC
西屯區,房地(土地+建物)+車位,臺中市西屯區市政北一路61~90號,11.99,其他,,,1060508,土地1建物1車位1,十三層,15,辦公商業大樓,見其他登記事項,鋼筋混凝土造,0850903,93.16999999999999,0,0,0,無,無,無,20000,215,坡道機械,0.0,0,,RPQRMLNLNHMFFCB38CC
西屯區,房地(土地+建物)+車位,臺中市西屯區臺灣大道四段901~930號,9.25,住,,,1060509,土地1建物1車位1,六層,28,辦公商業大樓,見其他登記事項,見其他登記事項,0810701,167.92,0,0,0,無,有,無,31000,185,坡道平面,0.0,0,,RPSRMLNLNHMFFCB58CC
西屯區,房地(土地+建物)+車位,臺中市西屯區市政北一路241~270號,10.2,住,,,1060509,土地1建物1車位1,九層,28,住宅大樓(11層含以上有電梯),住家用,鋼筋混凝土造,0951113,109.92,3,2,2,有,有,有,29000,264,坡道平面,32.1,0,,RPXRMLNLNHMFFCB09CC
西屯區,房地(土地+建物)+車位,臺中市西屯區市政北一路241~270號,10.64,住,,,1060511,土地1建物1車位1,二十二層,28,住宅大樓(11層含以上有電梯),住家用,鋼筋混凝土造,0951113,109.91,3,2,2,有,有,有,29000,264,坡道平面,34.85,0,,RPPSMLNLNHMFFCB38CC
北區,房地(土地+建物)+車位,臺中市北區梅川西路四段211~240號,4.6,商,,,1060522,土地1建物1車位1,九層,14,住宅大樓(11層含以上有電梯),住家用,鋼筋混凝土造,0871106,56.57,2,2,1,有,有,有,16000,283,坡道平面,0.0,0,,RPORMLNLNHMFFBB08CC
西區,房地(土地+建物)+車位,臺中市西區華美西街一段121~150號,15.46,住,,,1060508,土地1建物1車位1,八層,13,辦公商業大樓,商業用,鋼筋混凝土造,0830420,157.41,0,0,0,無,有,無,25000,159,坡道機械,0.0,0,,RPSOMLNLNHMFFAB08CC
西區,房地(土地+建物),臺中市西區太原路一段151~180號,84.0,住,,,1060522,土地1建物1車位0,見其他登記事項,4,店面(店鋪),住商用,鋼筋混凝土造,0691121,250.7,0,0,0,無,無,無,27000,108,,0.0,0,,RPPPMLOLNHMFFAB97CC
西區,房地(土地+建物),臺中市西區大隆路1~30號,14.92,住,,,1060518,土地1建物0車位0,十層,14,辦公商業大樓,見其他登記事項,鋼筋混凝土造,0791110,132.89000000000001,0,0,0,無,有,無,21000,158,,0.0,0,,RPQQMLOLNHMFFAB18CC
西區,房地(土地+建物)+車位,臺中市西區臺灣大道二段511~540號,53.57,住,,,1060519,土地1建物1車位1,十層,12,辦公商業大樓,見其他登記事項,鋼筋混凝土造,0810131,396.07,0,0,0,無,有,無,57000,144,坡道平面,0.0,0,,RPRQMLOLNHMFFAB28CC
西屯區,房地(土地+建物)+車位,臺中市西屯區市政路361~390號,20.33,其他,,,1060517,土地1建物1車位2,九層,38,辦公商業大樓,見其他登記事項,見其他登記事項,0990604,315.78999999999996,0,0,0,無,有,無,85000,269,坡道機械,0.0,0,,RPSOMLOLNHMFFCB38CC
南屯區,房地(土地+建物),臺中市南屯區大墩十街241~270號,25.71,住,,,1060522,土地1建物1車位0,十五層,24,住宅大樓(11層含以上有電梯),住家用,鋼筋混凝土造,0830721,196.37,4,2,2,有,有,無,25000,127,,0.0,0,起租日:106/06/01租金總額含稅。,RPXOMLOLNHMFFCB88CC
西屯區,建物,臺中市西屯區惠民路31~60號,0.0,其他,,,1060429,土地0建物1車位1,六層,12,住宅大樓(11層含以上有電梯),住家用,鋼筋混凝土造,0890605,345.41999999999996,4,2,3,有,有,有,42000,122,坡道平面,14.96,0,,RPPPMLPLNHMFFCB28CC
西屯區,車位,臺中市西屯區弘孝路151~180號,0.0,,,,1060508,土地0建物0車位1,,,其他,,,,32.43,0,0,0,有,有,無,4000,,坡道平面,32.43,4000,,RPSPMLPLNHMFFCB58CC
西屯區,房地(土地+建物),臺中市西屯區文心路三段1~30號,6.36,商,,,1060508,土地1建物1車位0,十三層,26,住宅大樓(11層含以上有電梯),住家用,鋼筋混凝土造,0980813,66.85,0,0,0,無,有,有,15000,224,,0.0,0,,RPVPMLPLNHMFFCB88CC
西屯區,房地(土地+建物)+車位,臺中市西屯區文心路三段1~30號,7.04,商,,,1060513,土地1建物1車位1,十六層,26,住宅大樓(11層含以上有電梯),住家用,鋼筋混凝土造,0980813,108.28,0,0,0,無,有,有,18000,166,坡道平面,0.0,0,,RPXPMLPLNHMFFCB09CC
西屯區,建物,臺中市西屯區中工二路181~210號,7.56,商,,,1060522,土地0建物1車位0,二層,14,辦公商業大樓,商業用,鋼筋混凝土造,0800711,94.35,4,1,2,有,無,有,45000,477,坡道平面,0.0,0,,RPOQMLPLNHMFFCB28CC
西屯區,車位,臺中市西屯區文心路三段1~30號,0.0,,,,1060508,土地0建物0車位1,,,其他,,,,37.8,0,0,0,有,有,無,3000,,坡道平面,37.8,3000,,RPPQMLPLNHMFFCB38CC
西屯區,房地(土地+建物)+車位,臺中市西屯區文心路三段1~30號,9.49,商,,,1060503,土地1建物1車位1,十六層,18,住宅大樓(11層含以上有電梯),住家用,鋼筋混凝土造,0980813,132.45,2,1,2,有,有,有,24000,181,坡道平面,0.0,0,,RPQQMLPLNHMFFCB48CC
西屯區,房地(土地+建物),臺中市西屯區文心路三段1~30號,6.72,商,,,1060501,土地1建物1車位0,十六層,26,住宅大樓(11層含以上有電梯),住家用,鋼筋混凝土造,0980813,66.85,0,0,0,無,有,有,18500,277,,0.0,0,租金含管理費,RPRQMLPLNHMFFCB58CC
西屯區,車位,臺中市西屯區文心路三段1~30號,0.0,,,,1060501,土地0建物0車位1,,,其他,,,,35.91,0,0,0,有,有,無,2500,,坡道平面,35.91,2500,,RPTQMLPLNHMFFCB78CC
西屯區,房地(土地+建物),臺中市西屯區西屯路二段241~270號,6.61,商,,,1060512,土地1建物1車位0,七層,11,住宅大樓(11層含以上有電梯),住家用,鋼筋混凝土造,0990201,71.94,0,0,0,無,有,有,16500,229,,0.0,0,,RPVQMLPLNHMFFCB98CC
西屯區,房地(土地+建物),臺中市西屯區文心路三段1~30號,6.71,商,,,1060510,土地1建物1車位0,二十六層,26,住宅大樓(11層含以上有電梯),住家用,鋼筋混凝土造,0980813,66.84,0,0,0,無,有,有,18000,269,,0.0,0,,RPWQMLPLNHMFFCB09CC
東區,房地(土地+建物)+車位,臺中市東區立德街31~60號,35.95,住,,,1060525,土地1建物1車位1,一層,8,店面(店鋪),見其他登記事項,鋼筋混凝土造,1031001,147.2,0,0,0,無,有,無,35000,238,坡道機械,9.18,0,,RPXOMLPLNHMFFAB78CC
東區,房地(土地+建物),臺中市東區公園東路151~180號,14.09,住,,,1060501,土地1建物1車位0,十二層,12,住宅大樓(11層含以上有電梯),見其他登記事項,鋼筋混凝土造,1001130,108.23,3,2,2,有,有,有,20000,185,,0.0,0,,RPOPMLPLNHMFFAB97CC
北區,車位,臺中市北區進化北路301~330號,0.52,商,,,1060510,土地0建物0車位1,,,其他,,,,31.88,0,0,0,有,有,無,3200,,坡道平面,31.88,3200,,RPVSMLPLNHMFFBB09CC
北區,車位,臺中市北區進化北路301~330號,0.52,商,,,1060521,土地0建物0車位1,,,其他,,,,31.88,0,0,0,有,有,無,3200,,坡道平面,31.88,3200,,RPWSMLPLNHMFFBB56CC
大里區,土地,東湖段631~660地號,1822.69,商,,,1060401,土地5建物0車位0,,,其他,,,,0.0,0,0,0,有,無,有,72081,40,,0.0,0,,RPWNMLPLNHMFFGL57CC
烏日區,房地(土地+建物),臺中市烏日區中山路三段541~570號,96.65,住,,,1060421,土地5建物1車位0,全,4,透天厝,見其他登記事項,鋼筋混凝土造,1040727,152.37,0,1,0,有,無,無,20000,131,,0.0,0,,RPROMLPLNHMFFGL17CC
烏日區,房地(土地+建物),臺中市烏日區中山路三段541~570號,97.75,住,,,1060421,土地5建物1車位0,全,4,透天厝,見其他登記事項,鋼筋混凝土造,1040727,154.11,0,1,0,有,無,無,20000,130,,0.0,0,,RPUOMLPLNHMFFGL47CC
東區,房地(土地+建物),臺中市東區十甲東路361~390號,78.2,商,,,1060516,土地1建物1車位0,全,4,透天厝,見其他登記事項,鋼筋混凝土造,0950926,41.16,6,3,4,有,無,無,14000,340,,0.0,0,,RPPOMLPLNHMFFAB08DC
大里區,房地(土地+建物),臺中市大里區立新街331~360號,92.36,,鄉村區,乙種建築用地,1060502,土地2建物1車位0,全,3,透天厝,見其他登記事項,鋼筋混凝土造,0810630,211.33,6,2,3,有,無,有,27000,128,,0.0,0,,RPVNMLQLNHMFFGL67DC
龍井區,房地(土地+建物),臺中市龍井區南社路二段91~120號,98.0,其他,,,1060525,土地1建物1車位0,全,4,透天厝,見其他登記事項,鋼筋混凝土造,1030411,194.88,4,3,3,有,無,有,23000,118,,0.0,0,,RPOOMLQLNHMFFIL17CC
梧棲區,房地(土地+建物),臺中市梧棲區永興路二段335巷1~30號,130.0,工,,,1050301,土地1建物1車位0,一層,1,工廠,見其他登記事項,加強磚造,0820302,130.0,1,0,0,有,無,有,8000,,,0.0,0,,RPQNMLQLNHMFFCL66CC
潭子區,房地(土地+建物)+車位,臺中市潭子區中山路一段61~90號,15.52,住,,,1060507,土地1建物1車位1,八層,16,住宅大樓(11層含以上有電梯),見其他登記事項,鋼筋混凝土造,1031222,157.44,3,2,2,有,有,有,19000,121,坡道機械,0.0,0,,RPQNMLQLNHMFFFL96CC
北區,建物,臺中市北區中清路一段451~480號,0.0,商,,,1060523,土地0建物1車位0,見其它登記事項,4,店面(店鋪),住商用,鋼筋混凝土造,0760202,376.57,4,2,4,有,無,無,29000,77,,0.0,0,,RPVNMLQLNHMFFBB68CC
北區,車位,臺中市北區進化北路301~330號,0.52,商,,,1060521,土地0建物0車位1,,,其他,,,,31.88,0,0,0,有,有,無,3200,,坡道平面,31.88,3200,,RPVOMLQLNHMFFBB78CC
北區,房地(土地+建物),臺中市北區進化北路301~330號,5.33,商,,,1060520,土地2建物1車位0,三層,18,住宅大樓(11層含以上有電梯),住家用,鋼筋混凝土造,0941208,67.61,0,0,0,無,有,有,13000,192,,0.0,0,,RPXOMLQLNHMFFBB98CC
北區,房地(土地+建物),臺中市北區進化北路301~330號,8.57,商,,,1060522,土地2建物1車位0,六層,18,住宅大樓(11層含以上有電梯),住家用,鋼筋混凝土造,0941208,89.19,2,1,1,有,有,有,17000,191,,0.0,0,,RPRPMLQLNHMFFBB48CC
北屯區,車位,臺中市北屯區文心路四段271~300號,0.0,,,,1060522,土地0建物0車位1,,,其他,,,,27.23,0,0,0,有,有,無,3500,,坡道平面,27.23,3500,,RPTPMLQLNHMFFBB68CC
北屯區,房地(土地+建物)+車位,臺中市北屯區文心路四段271~300號,11.13,商,,,1060503,土地1建物1車位1,三層,22,住宅大樓(11層含以上有電梯),住家用,鋼筋混凝土造,1020725,127.00999999999999,2,1,2,有,有,有,27000,213,坡道平面,27.23,0,含管理費,RPOQMLQLNHMFFBB28CC
西區,房地(土地+建物),臺中市西區精忠街31~60號,117.0,住,,,1060524,土地3建物1車位0,全,3,透天厝,住商用,鋼筋混凝土造,0710831,101.37,0,0,0,無,無,有,18000,178,,0.0,0,,RPUPMLQLNHMFFAB68CC
西區,房地(土地+建物),臺中市西區精忠街31~60號,117.0,住,,,1060524,土地3建物1車位0,全,3,透天厝,住商用,鋼筋混凝土造,0710831,57.17,0,0,0,無,無,有,15000,262,,0.0,0,,RPPQMLQLNHMFFAB28CC
西屯區,房地(土地+建物)+車位,臺中市西屯區文心路三段1~30號,25.24,住,,,1060516,土地1建物1車位2,十七層,28,住宅大樓(11層含以上有電梯),住家用,鋼筋混凝土造,0980713,331.24,3,2,3,有,有,有,50000,151,坡道平面,57.68,0,,RPRPMLQLNHMFFCB58CC
南區,房地(土地+建物),臺中市南區工學北路61~90號,1.76,商,,,1060510,土地1建物1車位0,十層,18,套房(1房1廳1衛),見其他登記事項,鋼筋混凝土造,0850506,29.18,1,0,1,有,有,有,5200,178,,0.0,0,,RPQNMLSLNHMFFAB28CC
南區,房地(土地+建物),臺中市南區工學北路61~90號,1.81,商,,,1060501,土地1建物1車位0,十層,18,套房(1房1廳1衛),見其他登記事項,鋼筋混凝土造,0850506,30.21,1,0,1,有,有,有,5000,166,,0.0,0,,RPTNMLSLNHMFFAB58CC
南區,房地(土地+建物),臺中市南區工學北路61~90號,1.79,商,,,1060520,土地1建物1車位0,九層,18,套房(1房1廳1衛),見其他登記事項,鋼筋混凝土造,0850506,28.39,1,0,1,有,有,有,5300,187,,0.0,0,,RPUNMLSLNHMFFAB68CC
北區,房地(土地+建物)+車位,臺中市北區臺灣大道二段331~360號,17.36,住,,,1060425,土地2建物1車位2,二十七層,28,辦公商業大樓,見其它登記事項,鋼骨鋼筋混凝土造,0890603,304.94,0,0,0,無,有,有,110000,361,坡道平面,24.36,0,本戶為挑高6米6，夾層坪數為二次施工(無保存登記)，增建面積約53坪,RPSRMLLMNHMFFBB38CC
南屯區,房地(土地+建物)+車位,臺中市南屯區河南路四段151~180號,13.3,住,,,1060509,土地1建物1車位1,九層,14,住宅大樓(11層含以上有電梯),住家用,鋼筋混凝土造,0861020,137.73000000000002,3,2,2,有,有,有,19000,138,坡道機械,0.0,0,,RPXQMLLMNHMFFCB88CC
南屯區,房地(土地+建物),臺中市南屯區南屯區向上路三段61~90號,2.31,住,,,1060518,土地1建物1車位0,十一層,14,套房(1房1廳1衛),住家用,鋼筋混凝土造,0840112,28.17,1,0,1,有,有,有,5000,177,,0.0,0,,RPORMLLMNHMFFCB08CC
西屯區,房地(土地+建物)+車位,臺中市西屯區市政路511~540號,18.66,商,,,1060516,土地1建物1車位2,六層,29,住宅大樓(11層含以上有電梯),住家用,鋼骨鋼筋混凝土造,1030124,319.98,4,2,3,有,有,有,61500,192,坡道平面,0.0,0,,RPQRMLLMNHMFFCB28CC
西屯區,房地(土地+建物),臺中市西屯區臺灣大道二段871~900號,6.92,住,,,1060505,土地1建物1車位0,十層,14,住宅大樓(11層含以上有電梯),住家用,鋼筋混凝土造,0951124,45.45,1,1,1,有,無,有,20000,440,,0.0,0,,RPSRMLLMNHMFFCB48CC
南屯區,房地(土地+建物)+車位,臺中市南屯區文心路一段1~30號,22.76,商,,,1060510,土地1建物1車位2,九層,27,住宅大樓(11層含以上有電梯),住家用,鋼筋混凝土造,1030626,293.44,4,2,3,有,有,有,52000,177,坡道平面,0.0,0,,RPTRMLLMNHMFFCB58CC
潭子區,房地(土地+建物),臺中市潭子區大富路三段33巷118弄1~30號,58.1,住,,,1060520,土地1建物1車位0,全,4,透天厝,見其他登記事項,鋼筋混凝土造,0871104,184.48,4,2,3,有,有,無,16000,87,,0.0,0,,RPSNMLLMNHMFFFL76CC
大雅區,房地(土地+建物),臺中市大雅區中山北路541~570號,23.93,住,,,1060515,土地1建物1車位0,七層,7,華廈(10層含以下有電梯),住家用,鋼筋混凝土造,0820531,116.01,3,2,2,有,有,有,14000,121,,0.0,0,,RPTNMLLMNHMFFFL86CC
北區,房地(土地+建物),臺中市北區漢口路四段61~90號,13.48,住,,,1060525,土地2建物2車位0,十四層,14,住宅大樓(11層含以上有電梯),住家用,鋼筋混凝土造,0850715,64.49000000000001,1,1,1,有,有,有,8500,132,,0.0,0,,RPPPMLLMNHMFFBB97DC
潭子區,土地,聖宮段781~810地號,110.67,住,,,1060521,土地1建物0車位0,,,其他,,,,0.0,0,0,0,有,無,有,18000,163,,0.0,0,含未保存登記建物.商業用.建坪35.13,RPRNMLLMNHMFFFL76DC
西區,房地(土地+建物),臺中市西區三民路一段31~60號,2.73,住,,,1060526,土地1建物1車位0,十層,12,住宅大樓(11層含以上有電梯),住家用,鋼筋混凝土造,0790625,27.869999999999997,1,1,1,有,有,有,6000,215,,0.0,0,,RPROMLLMNHMFFAB97DC
西區,房地(土地+建物),臺中市西區三民路一段50巷1~30號,2.59,住,,,1060505,土地1建物1車位0,三層,19,住宅大樓(11層含以上有電梯),住家用,鋼筋混凝土造,0840113,34.18,1,1,1,有,有,有,6500,190,,0.0,0,,RPTOMLLMNHMFFAB18DC
西屯區,房地(土地+建物),臺中市西屯區文心路三段129巷1~30號,7.19,住,,,1060516,土地1建物1車位0,五層,6,華廈(10層含以下有電梯),住家用,鋼筋混凝土造,0820830,45.17,1,1,1,有,有,有,9200,204,,0.0,0,,RPVQMLLMNHMFFCB78DC
