s腹,ó烀O,ó旎,ó飙笨nキよそへ
RPSNMLSKNHMFFAG68CA,@加キ,0,
RPTOMLOLNHMFFAG58CA,YDキ,0,
RPPNMLNLNHMFFBG08CA,YDキ,0,
RPVOMLMLNHMFFBG68CA,YDキ,0,
RPRPMLMLNHMFFBG38CA,YDキ,0,
RPSPMLMLNHMFFBG48CA,YDキ,0,
RPXNMLMLNHMFFAG68CA,YDキ,0,
RPQNMLQLNHMFFAG38CA,@加キ,0,
RPQNMLQLNHMFFBG48CA,@加キ,0,
RPTOMLMKOHMFFBG48CA,YD诀瘪,0,
RPOOMLQLNHMFFBG38CA,YDキ,0,
RPTNMLNJOHMFFBG38CA,YDキ,0,
RPSOMLQLNHMFFAG68CA,@加キ,0,
RPUOMLNJOHMFFBG58CA,YDキ,800000,
RPVOMLNJOHMFFBG68CA,YDキ,800000,
RPWOMLNJOHMFFBG78CA,YDキ,800000,
RPWOMLLJOHMFFBG58CA,YDキ,0,
RPPNMLOKOHMFFAG08CA,YDキ,0,
RPUOMLPJOHMFFAG68CA,YDキ,0,
